-- MySQL dump 10.13  Distrib 8.0.30, for Linux (x86_64)
--
-- Host: localhost    Database: kenchic
-- ------------------------------------------------------
-- Server version	8.0.30

/*!40101 SET @OLD_CHARACTER_SET_CLIENT=@@CHARACTER_SET_CLIENT */;
/*!40101 SET @OLD_CHARACTER_SET_RESULTS=@@CHARACTER_SET_RESULTS */;
/*!40101 SET @OLD_COLLATION_CONNECTION=@@COLLATION_CONNECTION */;
/*!50503 SET NAMES utf8mb4 */;
/*!40103 SET @OLD_TIME_ZONE=@@TIME_ZONE */;
/*!40103 SET TIME_ZONE='+00:00' */;
/*!40014 SET @OLD_UNIQUE_CHECKS=@@UNIQUE_CHECKS, UNIQUE_CHECKS=0 */;
/*!40014 SET @OLD_FOREIGN_KEY_CHECKS=@@FOREIGN_KEY_CHECKS, FOREIGN_KEY_CHECKS=0 */;
/*!40101 SET @OLD_SQL_MODE=@@SQL_MODE, SQL_MODE='NO_AUTO_VALUE_ON_ZERO' */;
/*!40111 SET @OLD_SQL_NOTES=@@SQL_NOTES, SQL_NOTES=0 */;

--
-- Current Database: `kenchic`
--

CREATE DATABASE /*!32312 IF NOT EXISTS*/ `kenchic` /*!40100 DEFAULT CHARACTER SET utf8mb4 COLLATE utf8mb4_0900_ai_ci */ /*!80016 DEFAULT ENCRYPTION='N' */;

USE `kenchic`;

--
-- Table structure for table `auth_group`
--

DROP TABLE IF EXISTS `auth_group`;
/*!40101 SET @saved_cs_client     = @@character_set_client */;
/*!50503 SET character_set_client = utf8mb4 */;
CREATE TABLE `auth_group` (
  `id` int NOT NULL AUTO_INCREMENT,
  `name` varchar(150) NOT NULL,
  PRIMARY KEY (`id`),
  UNIQUE KEY `name` (`name`)
) ENGINE=InnoDB DEFAULT CHARSET=utf8mb4 COLLATE=utf8mb4_0900_ai_ci;
/*!40101 SET character_set_client = @saved_cs_client */;

--
-- Dumping data for table `auth_group`
--

LOCK TABLES `auth_group` WRITE;
/*!40000 ALTER TABLE `auth_group` DISABLE KEYS */;
/*!40000 ALTER TABLE `auth_group` ENABLE KEYS */;
UNLOCK TABLES;

--
-- Table structure for table `auth_group_permissions`
--

DROP TABLE IF EXISTS `auth_group_permissions`;
/*!40101 SET @saved_cs_client     = @@character_set_client */;
/*!50503 SET character_set_client = utf8mb4 */;
CREATE TABLE `auth_group_permissions` (
  `id` bigint NOT NULL AUTO_INCREMENT,
  `group_id` int NOT NULL,
  `permission_id` int NOT NULL,
  PRIMARY KEY (`id`),
  UNIQUE KEY `auth_group_permissions_group_id_permission_id_0cd325b0_uniq` (`group_id`,`permission_id`),
  KEY `auth_group_permissio_permission_id_84c5c92e_fk_auth_perm` (`permission_id`),
  CONSTRAINT `auth_group_permissio_permission_id_84c5c92e_fk_auth_perm` FOREIGN KEY (`permission_id`) REFERENCES `auth_permission` (`id`),
  CONSTRAINT `auth_group_permissions_group_id_b120cbf9_fk_auth_group_id` FOREIGN KEY (`group_id`) REFERENCES `auth_group` (`id`)
) ENGINE=InnoDB DEFAULT CHARSET=utf8mb4 COLLATE=utf8mb4_0900_ai_ci;
/*!40101 SET character_set_client = @saved_cs_client */;

--
-- Dumping data for table `auth_group_permissions`
--

LOCK TABLES `auth_group_permissions` WRITE;
/*!40000 ALTER TABLE `auth_group_permissions` DISABLE KEYS */;
/*!40000 ALTER TABLE `auth_group_permissions` ENABLE KEYS */;
UNLOCK TABLES;

--
-- Table structure for table `auth_permission`
--

DROP TABLE IF EXISTS `auth_permission`;
/*!40101 SET @saved_cs_client     = @@character_set_client */;
/*!50503 SET character_set_client = utf8mb4 */;
CREATE TABLE `auth_permission` (
  `id` int NOT NULL AUTO_INCREMENT,
  `name` varchar(255) NOT NULL,
  `content_type_id` int NOT NULL,
  `codename` varchar(100) NOT NULL,
  PRIMARY KEY (`id`),
  UNIQUE KEY `auth_permission_content_type_id_codename_01ab375a_uniq` (`content_type_id`,`codename`),
  CONSTRAINT `auth_permission_content_type_id_2f476e4b_fk_django_co` FOREIGN KEY (`content_type_id`) REFERENCES `django_content_type` (`id`)
) ENGINE=InnoDB AUTO_INCREMENT=29 DEFAULT CHARSET=utf8mb4 COLLATE=utf8mb4_0900_ai_ci;
/*!40101 SET character_set_client = @saved_cs_client */;

--
-- Dumping data for table `auth_permission`
--

LOCK TABLES `auth_permission` WRITE;
/*!40000 ALTER TABLE `auth_permission` DISABLE KEYS */;
INSERT INTO `auth_permission` VALUES (1,'Can add log entry',1,'add_logentry'),(2,'Can change log entry',1,'change_logentry'),(3,'Can delete log entry',1,'delete_logentry'),(4,'Can view log entry',1,'view_logentry'),(5,'Can add permission',2,'add_permission'),(6,'Can change permission',2,'change_permission'),(7,'Can delete permission',2,'delete_permission'),(8,'Can view permission',2,'view_permission'),(9,'Can add group',3,'add_group'),(10,'Can change group',3,'change_group'),(11,'Can delete group',3,'delete_group'),(12,'Can view group',3,'view_group'),(13,'Can add user',4,'add_user'),(14,'Can change user',4,'change_user'),(15,'Can delete user',4,'delete_user'),(16,'Can view user',4,'view_user'),(17,'Can add content type',5,'add_contenttype'),(18,'Can change content type',5,'change_contenttype'),(19,'Can delete content type',5,'delete_contenttype'),(20,'Can view content type',5,'view_contenttype'),(21,'Can add session',6,'add_session'),(22,'Can change session',6,'change_session'),(23,'Can delete session',6,'delete_session'),(24,'Can view session',6,'view_session'),(25,'Can add contact form',7,'add_contactform'),(26,'Can change contact form',7,'change_contactform'),(27,'Can delete contact form',7,'delete_contactform'),(28,'Can view contact form',7,'view_contactform');
/*!40000 ALTER TABLE `auth_permission` ENABLE KEYS */;
UNLOCK TABLES;

--
-- Table structure for table `auth_user`
--

DROP TABLE IF EXISTS `auth_user`;
/*!40101 SET @saved_cs_client     = @@character_set_client */;
/*!50503 SET character_set_client = utf8mb4 */;
CREATE TABLE `auth_user` (
  `id` int NOT NULL AUTO_INCREMENT,
  `password` varchar(128) NOT NULL,
  `last_login` datetime(6) DEFAULT NULL,
  `is_superuser` tinyint(1) NOT NULL,
  `username` varchar(150) NOT NULL,
  `first_name` varchar(150) NOT NULL,
  `last_name` varchar(150) NOT NULL,
  `email` varchar(254) NOT NULL,
  `is_staff` tinyint(1) NOT NULL,
  `is_active` tinyint(1) NOT NULL,
  `date_joined` datetime(6) NOT NULL,
  PRIMARY KEY (`id`),
  UNIQUE KEY `username` (`username`)
) ENGINE=InnoDB AUTO_INCREMENT=11 DEFAULT CHARSET=utf8mb4 COLLATE=utf8mb4_0900_ai_ci;
/*!40101 SET character_set_client = @saved_cs_client */;

--
-- Dumping data for table `auth_user`
--

LOCK TABLES `auth_user` WRITE;
/*!40000 ALTER TABLE `auth_user` DISABLE KEYS */;
INSERT INTO `auth_user` VALUES (1,'pbkdf2_sha256$320000$NoJhST04p6SPuAwKDYRwi0$LxYKVXI+szp6NRU9emYOoCGFgCNHO6q/xOHOtTs/x4Y=','2022-09-05 10:27:46.707840',0,'jongleurs','','','winnie@eduroam.com',0,1,'2022-09-04 01:05:10.984293'),(2,'pbkdf2_sha256$320000$2NUuwWAn0OVCvK3MUPxy0O$yHoYEJHGUw3NbDSJGgZefZwFS0wMT41nPa2QoYJabEs=','2022-09-08 12:07:53.666420',1,'admin','','','kennkyragu@gmail.com',1,1,'2022-09-04 02:30:01.675151'),(3,'pbkdf2_sha256$320000$Fz14IeQtZNfYI9Se1gg0gK$e0+RgH86JJuDgeQcEu6oCtRYbuihYXmybi3qL92x/gc=',NULL,0,'admin3','','','jongleurs@kenchic.com',0,1,'2022-09-04 13:42:50.962563'),(4,'pbkdf2_sha256$320000$W3ZrxiYTk8YogjrsgM8q5Z$exWIl+cuP390WLKuFAbXgR+i1KUeCJucFTCrx++K5VU=',NULL,0,'admin4','','','kennkyragu@gmail.com',0,1,'2022-09-04 14:00:41.789555'),(5,'pbkdf2_sha256$320000$NDnu001q6sTag9M1R5ff83$ojjh/sgWMua9JX+drfTwfujaA77Ae93rk6ABRnA6qlc=','2022-09-08 11:06:19.808239',0,'admin56','','','kennkyragu@gmail.com',0,1,'2022-09-05 12:35:53.939758'),(6,'pbkdf2_sha256$320000$wDOVxOPJmYON5Z7TKjSn3L$0K7orYUEhyNphhxoQXvjD3UN9Io+0/LWGwqPCkk6QAc=','2022-09-08 10:16:20.020943',0,'admin76','','','alkenny@gmail.com',0,1,'2022-09-07 20:12:40.493228'),(7,'pbkdf2_sha256$320000$x9nBS5pUbyoiKfmB8f0R2D$04Jrr6AIUhhXql3vvaoYSTA+/hTAgMDozdDxXWjtXpM=','2022-09-08 11:08:14.291242',0,'kabugi','','','wer@gmail.com',0,1,'2022-09-08 11:07:59.182685'),(10,'pbkdf2_sha256$320000$BTMvm77c92v22bVeUXt74R$R7LvIvznt0hVpU3YPyCZvzuXUcr4hz0CFL9fi/fM0Eg=','2022-09-08 12:13:30.702857',0,'kinyanjui','','','',0,1,'2022-09-08 11:43:09.866841');
/*!40000 ALTER TABLE `auth_user` ENABLE KEYS */;
UNLOCK TABLES;

--
-- Table structure for table `auth_user_groups`
--

DROP TABLE IF EXISTS `auth_user_groups`;
/*!40101 SET @saved_cs_client     = @@character_set_client */;
/*!50503 SET character_set_client = utf8mb4 */;
CREATE TABLE `auth_user_groups` (
  `id` bigint NOT NULL AUTO_INCREMENT,
  `user_id` int NOT NULL,
  `group_id` int NOT NULL,
  PRIMARY KEY (`id`),
  UNIQUE KEY `auth_user_groups_user_id_group_id_94350c0c_uniq` (`user_id`,`group_id`),
  KEY `auth_user_groups_group_id_97559544_fk_auth_group_id` (`group_id`),
  CONSTRAINT `auth_user_groups_group_id_97559544_fk_auth_group_id` FOREIGN KEY (`group_id`) REFERENCES `auth_group` (`id`),
  CONSTRAINT `auth_user_groups_user_id_6a12ed8b_fk_auth_user_id` FOREIGN KEY (`user_id`) REFERENCES `auth_user` (`id`)
) ENGINE=InnoDB DEFAULT CHARSET=utf8mb4 COLLATE=utf8mb4_0900_ai_ci;
/*!40101 SET character_set_client = @saved_cs_client */;

--
-- Dumping data for table `auth_user_groups`
--

LOCK TABLES `auth_user_groups` WRITE;
/*!40000 ALTER TABLE `auth_user_groups` DISABLE KEYS */;
/*!40000 ALTER TABLE `auth_user_groups` ENABLE KEYS */;
UNLOCK TABLES;

--
-- Table structure for table `auth_user_user_permissions`
--

DROP TABLE IF EXISTS `auth_user_user_permissions`;
/*!40101 SET @saved_cs_client     = @@character_set_client */;
/*!50503 SET character_set_client = utf8mb4 */;
CREATE TABLE `auth_user_user_permissions` (
  `id` bigint NOT NULL AUTO_INCREMENT,
  `user_id` int NOT NULL,
  `permission_id` int NOT NULL,
  PRIMARY KEY (`id`),
  UNIQUE KEY `auth_user_user_permissions_user_id_permission_id_14a6b632_uniq` (`user_id`,`permission_id`),
  KEY `auth_user_user_permi_permission_id_1fbb5f2c_fk_auth_perm` (`permission_id`),
  CONSTRAINT `auth_user_user_permi_permission_id_1fbb5f2c_fk_auth_perm` FOREIGN KEY (`permission_id`) REFERENCES `auth_permission` (`id`),
  CONSTRAINT `auth_user_user_permissions_user_id_a95ead1b_fk_auth_user_id` FOREIGN KEY (`user_id`) REFERENCES `auth_user` (`id`)
) ENGINE=InnoDB DEFAULT CHARSET=utf8mb4 COLLATE=utf8mb4_0900_ai_ci;
/*!40101 SET character_set_client = @saved_cs_client */;

--
-- Dumping data for table `auth_user_user_permissions`
--

LOCK TABLES `auth_user_user_permissions` WRITE;
/*!40000 ALTER TABLE `auth_user_user_permissions` DISABLE KEYS */;
/*!40000 ALTER TABLE `auth_user_user_permissions` ENABLE KEYS */;
UNLOCK TABLES;

--
-- Table structure for table `django_admin_log`
--

DROP TABLE IF EXISTS `django_admin_log`;
/*!40101 SET @saved_cs_client     = @@character_set_client */;
/*!50503 SET character_set_client = utf8mb4 */;
CREATE TABLE `django_admin_log` (
  `id` int NOT NULL AUTO_INCREMENT,
  `action_time` datetime(6) NOT NULL,
  `object_id` longtext,
  `object_repr` varchar(200) NOT NULL,
  `action_flag` smallint unsigned NOT NULL,
  `change_message` longtext NOT NULL,
  `content_type_id` int DEFAULT NULL,
  `user_id` int NOT NULL,
  PRIMARY KEY (`id`),
  KEY `django_admin_log_content_type_id_c4bce8eb_fk_django_co` (`content_type_id`),
  KEY `django_admin_log_user_id_c564eba6_fk_auth_user_id` (`user_id`),
  CONSTRAINT `django_admin_log_content_type_id_c4bce8eb_fk_django_co` FOREIGN KEY (`content_type_id`) REFERENCES `django_content_type` (`id`),
  CONSTRAINT `django_admin_log_user_id_c564eba6_fk_auth_user_id` FOREIGN KEY (`user_id`) REFERENCES `auth_user` (`id`),
  CONSTRAINT `django_admin_log_chk_1` CHECK ((`action_flag` >= 0))
) ENGINE=InnoDB AUTO_INCREMENT=6 DEFAULT CHARSET=utf8mb4 COLLATE=utf8mb4_0900_ai_ci;
/*!40101 SET character_set_client = @saved_cs_client */;

--
-- Dumping data for table `django_admin_log`
--

LOCK TABLES `django_admin_log` WRITE;
/*!40000 ALTER TABLE `django_admin_log` DISABLE KEYS */;
INSERT INTO `django_admin_log` VALUES (1,'2022-09-08 11:38:38.296675','8','kinyanjui',3,'',4,2),(2,'2022-09-08 11:39:04.723236','9','kinyanjui',1,'[{\"added\": {}}]',4,2),(3,'2022-09-08 11:41:01.721639','9','kinyanjui',2,'[]',4,2),(4,'2022-09-08 11:42:47.006463','9','kinyanjui',3,'',4,2),(5,'2022-09-08 11:44:16.899264','10','kinyanjui',2,'[{\"changed\": {\"fields\": [\"password\"]}}]',4,2);
/*!40000 ALTER TABLE `django_admin_log` ENABLE KEYS */;
UNLOCK TABLES;

--
-- Table structure for table `django_content_type`
--

DROP TABLE IF EXISTS `django_content_type`;
/*!40101 SET @saved_cs_client     = @@character_set_client */;
/*!50503 SET character_set_client = utf8mb4 */;
CREATE TABLE `django_content_type` (
  `id` int NOT NULL AUTO_INCREMENT,
  `app_label` varchar(100) NOT NULL,
  `model` varchar(100) NOT NULL,
  PRIMARY KEY (`id`),
  UNIQUE KEY `django_content_type_app_label_model_76bd3d3b_uniq` (`app_label`,`model`)
) ENGINE=InnoDB AUTO_INCREMENT=8 DEFAULT CHARSET=utf8mb4 COLLATE=utf8mb4_0900_ai_ci;
/*!40101 SET character_set_client = @saved_cs_client */;

--
-- Dumping data for table `django_content_type`
--

LOCK TABLES `django_content_type` WRITE;
/*!40000 ALTER TABLE `django_content_type` DISABLE KEYS */;
INSERT INTO `django_content_type` VALUES (1,'admin','logentry'),(3,'auth','group'),(2,'auth','permission'),(4,'auth','user'),(5,'contenttypes','contenttype'),(7,'pages','contactform'),(6,'sessions','session');
/*!40000 ALTER TABLE `django_content_type` ENABLE KEYS */;
UNLOCK TABLES;

--
-- Table structure for table `django_migrations`
--

DROP TABLE IF EXISTS `django_migrations`;
/*!40101 SET @saved_cs_client     = @@character_set_client */;
/*!50503 SET character_set_client = utf8mb4 */;
CREATE TABLE `django_migrations` (
  `id` bigint NOT NULL AUTO_INCREMENT,
  `app` varchar(255) NOT NULL,
  `name` varchar(255) NOT NULL,
  `applied` datetime(6) NOT NULL,
  PRIMARY KEY (`id`)
) ENGINE=InnoDB AUTO_INCREMENT=19 DEFAULT CHARSET=utf8mb4 COLLATE=utf8mb4_0900_ai_ci;
/*!40101 SET character_set_client = @saved_cs_client */;

--
-- Dumping data for table `django_migrations`
--

LOCK TABLES `django_migrations` WRITE;
/*!40000 ALTER TABLE `django_migrations` DISABLE KEYS */;
INSERT INTO `django_migrations` VALUES (1,'contenttypes','0001_initial','2022-09-03 14:24:34.412650'),(2,'auth','0001_initial','2022-09-03 14:24:56.137147'),(3,'admin','0001_initial','2022-09-03 14:25:01.712458'),(4,'admin','0002_logentry_remove_auto_add','2022-09-03 14:25:01.827402'),(5,'admin','0003_logentry_add_action_flag_choices','2022-09-03 14:25:02.105064'),(6,'contenttypes','0002_remove_content_type_name','2022-09-03 14:25:05.626822'),(7,'auth','0002_alter_permission_name_max_length','2022-09-03 14:25:07.986447'),(8,'auth','0003_alter_user_email_max_length','2022-09-03 14:25:08.319724'),(9,'auth','0004_alter_user_username_opts','2022-09-03 14:25:08.429993'),(10,'auth','0005_alter_user_last_login_null','2022-09-03 14:25:10.546469'),(11,'auth','0006_require_contenttypes_0002','2022-09-03 14:25:10.677712'),(12,'auth','0007_alter_validators_add_error_messages','2022-09-03 14:25:10.782844'),(13,'auth','0008_alter_user_username_max_length','2022-09-03 14:25:13.438621'),(14,'auth','0009_alter_user_last_name_max_length','2022-09-03 14:25:15.796517'),(15,'auth','0010_alter_group_name_max_length','2022-09-03 14:25:16.384229'),(16,'auth','0011_update_proxy_permissions','2022-09-03 14:25:16.579211'),(17,'auth','0012_alter_user_first_name_max_length','2022-09-03 14:25:18.813087'),(18,'sessions','0001_initial','2022-09-03 14:25:20.631340');
/*!40000 ALTER TABLE `django_migrations` ENABLE KEYS */;
UNLOCK TABLES;

--
-- Table structure for table `django_session`
--

DROP TABLE IF EXISTS `django_session`;
/*!40101 SET @saved_cs_client     = @@character_set_client */;
/*!50503 SET character_set_client = utf8mb4 */;
CREATE TABLE `django_session` (
  `session_key` varchar(40) NOT NULL,
  `session_data` longtext NOT NULL,
  `expire_date` datetime(6) NOT NULL,
  PRIMARY KEY (`session_key`),
  KEY `django_session_expire_date_a5c62663` (`expire_date`)
) ENGINE=InnoDB DEFAULT CHARSET=utf8mb4 COLLATE=utf8mb4_0900_ai_ci;
/*!40101 SET character_set_client = @saved_cs_client */;

--
-- Dumping data for table `django_session`
--

LOCK TABLES `django_session` WRITE;
/*!40000 ALTER TABLE `django_session` DISABLE KEYS */;
INSERT INTO `django_session` VALUES ('1fgy7xb7eg3y9nyfufnbz4yjg4upxxxr','.eJxVjMEOwiAQRP-FsyHCCgsevfsNZJdFqRqalPZk_HfbpAc9zrw381aJlrmmpZcpDaLOyqrDb8eUn6VtQB7U7qPOY5ungfWm6J12fR2lvC67-3dQqdd1TdHejDsVl70AsIUQJRiOnsASekbEbBliJgpmDRDdEb1xgug8SFSfL80oNs8:1oWGK1:whsWktOEqsg66zvR-HJExcqN275_wAn8PGfdogR3mZo','2022-09-22 12:07:53.779113'),('1kg0n9odfdarqx900ra3gwsnzdinex0k','.eJxVjEEOwiAQRe_C2pChQmBcuvcMBGYGqRqalHbVeHdt0oVu_3vvbyqmdalx7TLHkdVFOXX63XKip7Qd8CO1-6Rpass8Zr0r-qBd3yaW1_Vw_w5q6vVbF5QwAGUnFrIZHLGFcyipIAtlZLQFXDIWPQfwQGh8KUbIOCsWs6j3B_qeOHA:1oVBKl:GylyDhrSfrsQOTK4ujWV2iXp-bgaQNfNJs3rUNmUWsA','2022-09-19 12:36:11.894600'),('g3h5t61sheizr7xoi3gg6xa3kahtok7r','.eJxVjEEOwiAQRe_C2hCGwkBduu8ZyDCgVA0kpV0Z765NutDtf-_9lwi0rSVsPS9hTuIsQInT7xiJH7nuJN2p3prkVtdljnJX5EG7nFrKz8vh_h0U6uVbc7YwmCEBI7BFtp5AsXPWOopIpMyoxisqQwiAnqzOHhm10z77SFG8P-yZN2c:1oWGPT:qqxHWni5ioodFAgkeTkvdDahVubn-qzoG2amyY57b7c','2022-09-22 12:13:31.016054'),('pqig54i2lmax9f8of6rz0zsoqtudd1pc','.eJxVjMEOwiAQRP-FsyHCCgsevfsNZJdFqRqalPZk_HfbpAc9zrw381aJlrmmpZcpDaLOyqrDb8eUn6VtQB7U7qPOY5ungfWm6J12fR2lvC67-3dQqdd1TdHejDsVl70AsIUQJRiOnsASekbEbBliJgpmDRDdEb1xgug8SFSfL80oNs8:1oVbzx:4vBT_-oKlLZRzR8LOPEcIOu_rsw_dxW4dsWM_wZAXS4','2022-09-20 17:04:29.114777'),('srpuermnhokqaz8z11sytdrov163v9gr','.eJxVjEEOwiAQRe_C2hCGwkBduu8ZyDCgVA0kpV0Z765NutDtf-_9lwi0rSVsPS9hTuIsQInT7xiJH7nuJN2p3prkVtdljnJX5EG7nFrKz8vh_h0U6uVbc7YwmCEBI7BFtp5AsXPWOopIpMyoxisqQwiAnqzOHhm10z77SFG8P-yZN2c:1oWFxO:ppmqGjUoB607OY9_e-pLCms94EV3KbH2OhLnPfYgqvU','2022-09-22 11:44:30.381964');
/*!40000 ALTER TABLE `django_session` ENABLE KEYS */;
UNLOCK TABLES;

--
-- Table structure for table `pages_adminform`
--

DROP TABLE IF EXISTS `pages_adminform`;
/*!40101 SET @saved_cs_client     = @@character_set_client */;
/*!50503 SET character_set_client = utf8mb4 */;
CREATE TABLE `pages_adminform` (
  `id` int NOT NULL AUTO_INCREMENT,
  `username` varchar(32) DEFAULT NULL,
  `email` varchar(50) DEFAULT NULL,
  `password1` varchar(10) DEFAULT NULL,
  `password2` varchar(10) DEFAULT NULL,
  `message` varchar(200) DEFAULT NULL,
  PRIMARY KEY (`id`)
) ENGINE=InnoDB AUTO_INCREMENT=2 DEFAULT CHARSET=utf8mb4 COLLATE=utf8mb4_0900_ai_ci;
/*!40101 SET character_set_client = @saved_cs_client */;

--
-- Dumping data for table `pages_adminform`
--

LOCK TABLES `pages_adminform` WRITE;
/*!40000 ALTER TABLE `pages_adminform` DISABLE KEYS */;
INSERT INTO `pages_adminform` VALUES (1,'admin','alkenny@gmail.com','alkenny','alkenny',NULL);
/*!40000 ALTER TABLE `pages_adminform` ENABLE KEYS */;
UNLOCK TABLES;

--
-- Table structure for table `pages_contactform`
--

DROP TABLE IF EXISTS `pages_contactform`;
/*!40101 SET @saved_cs_client     = @@character_set_client */;
/*!50503 SET character_set_client = utf8mb4 */;
CREATE TABLE `pages_contactform` (
  `id` int NOT NULL AUTO_INCREMENT,
  `user` varchar(32) DEFAULT NULL,
  `shop_name` varchar(32) DEFAULT NULL,
  `completion_status` varchar(50) DEFAULT NULL,
  `message` varchar(200) DEFAULT NULL,
  PRIMARY KEY (`id`)
) ENGINE=InnoDB AUTO_INCREMENT=3 DEFAULT CHARSET=utf8mb4 COLLATE=utf8mb4_0900_ai_ci;
/*!40101 SET character_set_client = @saved_cs_client */;

--
-- Dumping data for table `pages_contactform`
--

LOCK TABLES `pages_contactform` WRITE;
/*!40000 ALTER TABLE `pages_contactform` DISABLE KEYS */;
INSERT INTO `pages_contactform` VALUES (1,'jongleurs','majid','Delivered','hjkhsjkhf'),(2,'jongleurs','john','Shop closed','wow');
/*!40000 ALTER TABLE `pages_contactform` ENABLE KEYS */;
UNLOCK TABLES;

--
-- Table structure for table `pages_kenchicc`
--

DROP TABLE IF EXISTS `pages_kenchicc`;
/*!40101 SET @saved_cs_client     = @@character_set_client */;
/*!50503 SET character_set_client = utf8mb4 */;
CREATE TABLE `pages_kenchicc` (
  `id` int NOT NULL AUTO_INCREMENT,
  `salesmanloc` varchar(32) DEFAULT NULL,
  `shoploc` varchar(69) DEFAULT NULL,
  PRIMARY KEY (`id`)
) ENGINE=InnoDB AUTO_INCREMENT=234 DEFAULT CHARSET=utf8mb4 COLLATE=utf8mb4_0900_ai_ci;
/*!40101 SET character_set_client = @saved_cs_client */;

--
-- Dumping data for table `pages_kenchicc`
--

LOCK TABLES `pages_kenchicc` WRITE;
/*!40000 ALTER TABLE `pages_kenchicc` DISABLE KEYS */;
INSERT INTO `pages_kenchicc` VALUES (1,'NAS-EMBAKASIKCZ 313B-KABUGI','KUKU FOODS KENYA LTDSOUTHFIELD'),(2,'NAS-EMBAKASIKCZ 313B-KABUGI','NAS AIRPORT SERVICES LIMITEDOrder KSO-400443292'),(3,'NAS-EMBAKASIKCZ 313B-KABUGI','RIARA GROUP OF SCHOOLSOrder KSO-400443294'),(4,'NAS-EMBAKASIKCZ 313B-KABUGI','NAIVAS LIMITEDI/DAIMA SH'),(5,'NAS-EMBAKASIKCZ 313B-KABUGI','CINNAMON - THE FLAVOR OF INDIA LTDSGR'),(6,'NAS-EMBAKASIKCZ 313B-KABUGI','NAIVAS LIMITEDEMBA NY SH'),(7,'NAS-EMBAKASIKCZ 313B-KABUGI','NAIVAS LIMITEDEMBA NY BU'),(8,'NAS-EMBAKASIKCZ 313B-KABUGI','QUICK MART LTDFEDHA BUT'),(9,'NAS-EMBAKASIKCZ 313B-KABUGI','NAIVAS LIMITEDSYOKIMAU B'),(10,'NAS-EMBAKASIKCZ 313B-KABUGI','NAIVAS LIMITEDSYOKIMAU S'),(11,'NAS-EMBAKASIKCZ 313B-KABUGI','NAIVAS LIMITEDUTAWALA BU'),(12,'NAS-EMBAKASIKCZ 313B-KABUGI','NAIVAS LIMITEDUTAWALA DE'),(13,'NAS-EMBAKASIKCZ 313B-KABUGI','QUICK MART LTDUTAWALA MAIN BUT'),(14,'NAS-EMBAKASIKCZ 313B-KABUGI','NAIVAS LIMITEDAIR P SHOP & BUT'),(15,'NAS-EMBAKASIKCZ 313B-KABUGI','MARINA FISH SHOP  -  KUKU EMBAKASI VILLAGEOrder KSO-400443560'),(16,'NAS-EMBAKASIKCZ 313B-KABUGI','CHICKEN PALACEOrder KSO-400443583'),(17,'WESTLANDSKCZ 792Y-SAMMY','CLARENCE HOUSE APARTMENTS LTDOrder KSO-400443337'),(18,'NAS-EMBAKASIKCZ 313B-KABUGI','RISPER AMOTTO TDR ECONOMY WESTIBRAHIM ALI@RUAI BYPASS-0729768333'),(19,'NAS-EMBAKASIKCZ 313B-KABUGI','PC GRATISSAMPLES FOR CHICKEN PALACE@PIPELINE'),(20,'NAS-EMBAKASIKCZ 313B-KABUGI',NULL),(21,'INDUSTRIAL AREAKDE 958P-MUNYWOKI','NAIROBI JAVA HOUSE LTDOrder KSO-400443287'),(22,'WESTLANDSKCZ 792Y-SAMMY','ROZINA HOUSE LTDOrder KSO-400443358'),(23,'INDUSTRIAL AREAKDE 958P-MUNYWOKI','QUICK MART LTDMSA RD SH'),(24,'WESTLANDSKCZ 792Y-SAMMY','MAJID - SARIT CENTREFRESH'),(25,'INDUSTRIAL AREAKDE 958P-MUNYWOKI','MADA HOLDINGS LIMITEDKILIMA'),(26,'INDUSTRIAL AREAKDE 958P-MUNYWOKI','MADA HOLDINGS LIMITEDMARA'),(27,'INDUSTRIAL AREAKDE 958P-MUNYWOKI','CINNAMON - THE FLAVOR OF INDIA LTDCAP CENTRE'),(28,'INDUSTRIAL AREAKDE 958P-MUNYWOKI','MOI EDUCATIONAL CENTREOrder KSO-400443322'),(29,'INDUSTRIAL AREAKDE 958P-MUNYWOKI','MAJID  -  NEXTGEN MALLBUTCHERY'),(30,'INDUSTRIAL AREAKDE 958P-MUNYWOKI','MAJID  -  MEGABUTCHERY'),(31,'INDUSTRIAL AREAKDE 958P-MUNYWOKI','NAIVAS LIMITEDCAPITAL BU'),(32,'WESTLANDSKCZ 792Y-SAMMY','MAJID - SARIT CENTREBUTCHERY'),(33,'INDUSTRIAL AREAKDE 958P-MUNYWOKI','SIMON OTIENO  -  TDR FAST FOODSLATAHZAN HOTEL@SOUTH C-0713836412'),(34,'WESTLANDSKCZ 792Y-SAMMY','MAJID - SARIT CENTREDELI'),(35,'WESTLANDSKCZ 792Y-SAMMY','MAJID - WESTGATEBUTCHERY'),(36,'WESTLANDSKCZ 792Y-SAMMY','CHANDARANA BUTCHERY - RIVERSIDEOrder KSO-400443469'),(37,'WESTLANDSKCZ 792Y-SAMMY','NAIVAS LIMITEDWESTL BUTC'),(38,'WESTLANDSKCZ 792Y-SAMMY','FOOD LIBRARY LTD T/A MESO, SLATESLATE'),(39,'INDUSTRIAL AREAKDE 958P-MUNYWOKI','FATAH CHICKEN LIMITEDOrder KSO-400443482'),(40,'WESTLANDSKCZ 792Y-SAMMY','CHANDARANA BUTCHERY - RAPHTAOrder KSO-400443562'),(41,'INDUSTRIAL AREAKDE 958P-MUNYWOKI','MANAAL CHICKEN LIMITEDOrder KSO-400443566'),(42,'WESTLANDSKCZ 792Y-SAMMY','IBIS STYLESOrder KSO-400443575'),(43,'INDUSTRIAL AREAKDE 958P-MUNYWOKI','SOUTHERN MEAT SUPPLY LIMITEDORDER 1'),(44,'INDUSTRIAL AREAKDE 958P-MUNYWOKI','SOUTHERN MEAT SUPPLY LIMITEDORDER 2'),(45,'INDUSTRIAL AREAKDE 958P-MUNYWOKI','BASABRA LIMITEDLIMITED'),(46,'INDUSTRIAL AREAKDE 958P-MUNYWOKI','OLE-SERENI HOTELOrder KSO-4004436303'),(47,'INDUSTRIAL AREAKDE 958P-MUNYWOKI','RISPER AMOTTO TDR ECONOMY WESTFATHIYA SHARIFF@SOUTH C'),(48,'INDUSTRIAL AREAKDE 958P-MUNYWOKI',NULL),(49,'WESTLANDSKCZ 792Y-SAMMY','WESTEND BUTCHERYOrder KSO-400443582'),(50,'KARENKCU 410E-NJUGUNA','QUICK MART LTDRONGAI EXP BUT'),(51,'KARENKCU 410E-NJUGUNA','QUICK MART LTDRONGAI EXP BUT 2'),(52,'WESTLANDSKCZ 792Y-SAMMY','QUICK MART LTDWEST/L SHO'),(53,'WESTLANDSKCZ 792Y-SAMMY','WESTLANDS MEATOrder KSO-400443602'),(54,'WESTLANDSKCZ 792Y-SAMMY','BROOKWAYS BUTCHERY LTDOrder KSO-400443607'),(55,'KARENKCU 410E-NJUGUNA','NAIVAS LIMITEDMAIYAN BU'),(56,'WESTLANDSKCZ 792Y-SAMMY','SHEAL LIMITEDOrder KSO-400443609'),(57,'WESTLANDSKCZ 792Y-SAMMY','GAUCHOS LIMITED20370'),(58,'KARENKCU 410E-NJUGUNA','NAIVAS LIMITEDMAIYAN SH'),(59,'KARENKCU 410E-NJUGUNA','OMERIYE LTD T/A LIGHT ACADEMY  SECONDARY (BOYS) Order KSO-400443314'),(60,'KARENKCU 410E-NJUGUNA','GRAVITY SUPERMARKETKENYA YETU'),(61,'KARENKCU 410E-NJUGUNA','GRAVITY SUPERMARKETOLE KASASI'),(62,'KARENKCU 410E-NJUGUNA','THIKA STAFFJIM TOZER @CARA HSE'),(63,'KARENKCU 410E-NJUGUNA','CLEANSHELF SUPERMARKETRONGAI BUT'),(64,'WESTLANDSKCZ 792Y-SAMMY','GOLF COURSE HOTEL T/A MOVENPICKOrder KSO-400443637'),(65,'KARENKCU 410E-NJUGUNA','CLEANSHELF SUPERMARKETRONGAI SHP'),(66,'WESTLANDSKCZ 792Y-SAMMY','MC FRYS LTDMAIN SHOP'),(67,'KARENKCU 410E-NJUGUNA','MAJID AL FUTTAIM HYPERMARKETS LIMITED (HUB)BUTCHERY'),(68,'WESTLANDSKCZ 792Y-SAMMY','MC DISTRIBUTORSSMALL SHOP'),(69,'KARENKCU 410E-NJUGUNA','MAJID AL FUTTAIM HYPERMARKETS LIMITED (HUB)FRESH'),(70,'WESTLANDSKCZ 792Y-SAMMY',NULL),(71,'KARENKCU 410E-NJUGUNA','QUICK MART LTDRONGAI MAIN BU'),(72,'TWO RIVERSKCX 850W-ALEX','CITY LODGE at TWO RIVERSOrder KSO-400443301'),(73,'KARENKCU 410E-NJUGUNA','KAREN PROVISION STORE-BUTCHERYOrder KSO-400443479'),(74,'TWO RIVERSKCX 850W-ALEX','CHANDARANA BUTCHERY - ROSLYNOrder KSO-400443336'),(75,'KARENKCU 410E-NJUGUNA','OPEN HOUSE KAREN-UMANG HOLDINGSOrder KSO-400443516'),(76,'TWO RIVERSKCX 850W-ALEX','NAIVAS LIMITEDCIATA BUT'),(77,'TWO RIVERSKCX 850W-ALEX','NAIVAS LIMITEDCIATA SHOP'),(78,'TWO RIVERSKCX 850W-ALEX','MAJID  -  TWO RIVERSTWO RVS DE'),(79,'TWO RIVERSKCX 850W-ALEX','MAJID  -  TWO RIVERSBUTCHERY'),(80,'KARENKCU 410E-NJUGUNA','QUICK MART LTDKAREN BUTC'),(81,'TWO RIVERSKCX 850W-ALEX','MAJID  -  TWO RIVERSFRESH'),(82,'KARENKCU 410E-NJUGUNA','CHANDARANA BUTCHERY - THE WELLOrder KSO-400443557'),(83,'TWO RIVERSKCX 850W-ALEX','HIGHPORT MERCHANTS LTDOrder KSO-400443569'),(84,'KARENKCU 410E-NJUGUNA','PETHUB PET FOODSOrder KSO-400443621'),(85,'KARENKCU 410E-NJUGUNA','KAREN PROVISION STORESKAREN'),(86,'KARENKCU 410E-NJUGUNA','KB COTTAGES NAIROBI LTDOrder KSO-400443658'),(87,'KARENKCU 410E-NJUGUNA','KAHURA DISTRIBUTORS BANANARONGAI'),(88,'KARENKCU 410E-NJUGUNA','MAJID  -  GALLERIABUTCHERY'),(89,'TWO RIVERSKCX 850W-ALEX','RUHI MAKKIOrder KSO-400443601'),(90,'TWO RIVERSKCX 850W-ALEX','KIBO SAFARI CAMPOrder KSO-400443360'),(91,'TWO RIVERSKCX 850W-ALEX','CLEANSHELF SUPERMARKETRUAKA BUTC & SHOP'),(92,'TWO RIVERSKCX 850W-ALEX','CLEANSHELF SUPERMARKETRUAKA BUTC 2'),(93,'TWO RIVERSKCX 850W-ALEX','QUICK MART LTDKIAMBU BU'),(94,'KARENKCU 410E-NJUGUNA','THE BANDA SCHOOLOrder KSO-400443295'),(95,'TWO RIVERSKCX 850W-ALEX','QUICK MART LTDKIAMBU BUT 2'),(96,'KARENKCU 410E-NJUGUNA',NULL),(97,'TWO RIVERSKCX 850W-ALEX','CHANDARANA SUPERMARKETS LTDRIDGEWAYS'),(98,'JUNCTIONKDH 142V-MBUGUA','CINNAMON - THE FLAVOR OF INDIA LTDJUNCTION'),(99,'TWO RIVERSKCX 850W-ALEX','MAJID  -  VILLAGE MARKETBUTCHERY'),(100,'TWO RIVERSKCX 850W-ALEX','MAJID  -  VILLAGE MARKETDELI'),(101,'JUNCTIONKDH 142V-MBUGUA','QUICK MART LTDCHAKA BU'),(102,'TWO RIVERSKCX 850W-ALEX','MAJID  -  VILLAGE MARKETFRESH'),(103,'JUNCTIONKDH 142V-MBUGUA','MAJID  -  KILIMANI STOREFRESH'),(104,'JUNCTIONKDH 142V-MBUGUA','MAJID - THE JUNCTIONFRESH'),(105,'JUNCTIONKDH 142V-MBUGUA','MAJID - THE JUNCTIONBUTCHERY'),(106,'JUNCTIONKDH 142V-MBUGUA','QUICK MART LTDLAVI BUT'),(107,'TWO RIVERSKCX 850W-ALEX','MAJID  -  VILLAGE MARKETFP'),(108,'JUNCTIONKDH 142V-MBUGUA','CHANDARANA BUTCHERY - ADLIFEOrder KSO-400443475'),(109,'JUNCTIONKDH 142V-MBUGUA','CHANDARANA  BUTCHERY - YAYAOrder KSO-400443489'),(110,'JUNCTIONKDH 142V-MBUGUA','QUICK MART LTDKILIMANI B'),(111,'TWO RIVERSKCX 850W-ALEX','KUKU SHOP -  ZAWAKAOrder KSO-400443643'),(112,'JUNCTIONKDH 142V-MBUGUA','NAIVAS LIMITEDPRESTIGE B'),(113,'TWO RIVERSKCX 850W-ALEX','ASTENAH VENTURESOrder KSO-400443650'),(114,'JUNCTIONKDH 142V-MBUGUA','NAIVAS LIMITEDKILIMANI B'),(115,'TWO RIVERSKCX 850W-ALEX',NULL),(116,'JUNCTIONKDH 142V-MBUGUA','AFEX KENYA LIMITEDTIMAU PLAZ'),(117,'CBDKDD 206J-DENNIS','KUKU FOODS KENYA LTDKIMATHI'),(118,'JUNCTIONKDH 142V-MBUGUA','CHURRASCO GAUCHO LTDKILIMANI'),(119,'CBDKDD 206J-DENNIS','KUKU FOODS KENYA LTDMAMA NGINA'),(120,'JUNCTIONKDH 142V-MBUGUA','RISPER AMOTTO TDR ECONOMY WESTEBENEZER KUKU SHOP@KIBERA-0712245256'),(121,'CBDKDD 206J-DENNIS','EASTLEIGH MATTRESSES LTDTOM MBOYA'),(122,'JUNCTIONKDH 142V-MBUGUA','DUKE TERESI  -  TDR ECONOMYSTEADFAST ACADEMY @KINGARA RD'),(123,'CBDKDD 206J-DENNIS','FLAVOR TOWN CAFE KENYA LIMITEDOrder KSO-400443367'),(124,'JUNCTIONKDH 142V-MBUGUA','KAMCAN PROPERTIES LIMITEDOrder KSO-400443308'),(125,'CBDKDD 206J-DENNIS','QUICK MART LTDTOM MB BUT'),(126,'CBDKDD 206J-DENNIS','QUICK MART LTDPIONEER BU'),(127,'CBDKDD 206J-DENNIS','NAIVAS LIMITEDMOI AV SHO'),(128,'CBDKDD 206J-DENNIS','SIMBISA BRANDSB BANKERS'),(129,'CBDKDD 206J-DENNIS','SIMBISA BRANDSBITOMMBOYA'),(130,'CBDKDD 206J-DENNIS','SIMBISA BRANDSBSALAMA'),(131,'CBDKDD 206J-DENNIS','SIMBISA BRANDSB HARVEST'),(132,'JUNCTIONKDH 142V-MBUGUA','ROYAL NBI GOLF CLUBOrder KSO-400443326'),(133,'CBDKDD 206J-DENNIS','QUICK MART LTDOTC BU'),(134,'JUNCTIONKDH 142V-MBUGUA','QUICK MART LTDTMALL BUTC'),(135,'CBDKDD 206J-DENNIS','QUICK MART LTDOTC SH'),(136,'JUNCTIONKDH 142V-MBUGUA','CLEANSHELF SUPERMARKETLANGATA BU'),(137,'CBDKDD 206J-DENNIS','HILTON HOTELOrder KSO-400443545'),(138,'JUNCTIONKDH 142V-MBUGUA','NAIVAS LIMITEDLANGATA BU'),(139,'CBDKDD 206J-DENNIS','NAIVAS LIMITEDLIFE S SHP'),(140,'JUNCTIONKDH 142V-MBUGUA','COPTIC HOSPITAL AND CHURCHHOSPITAL'),(141,'CBDKDD 206J-DENNIS','QUICK MART LTDMFA SHOP'),(142,'JUNCTIONKDH 142V-MBUGUA','COPTIC HOSPITAL AND CHURCHCHURCH'),(143,'JUNCTIONKDH 142V-MBUGUA','LINLEY SUPPLIES LTDOrder KSO-400443663'),(144,'JUNCTIONKDH 142V-MBUGUA',NULL),(145,'WESTLANDSKCZ 792Y-SAMMY','KUKU FOODS KENYA LTDWOODVALE'),(146,'WESTLANDSKCZ 792Y-SAMMY','HAANDI TWENTY FOUR CARAT LTDOrder KSO-400443296'),(147,'WESTLANDSKCZ 792Y-SAMMY','VILLA ROSA KEMPINSKIOrder KSO-400443302'),(148,'CBDKDD 206J-DENNIS','NAIVAS LIMITEDJUJA SH'),(149,'WESTLANDSKCZ 792Y-SAMMY','MARA BUSH CAMP LTDORDER 1'),(150,'CBDKDD 206J-DENNIS','QUICK MART LTDRUIRU BUT'),(151,'CBDKDD 206J-DENNIS','QUICK MART LTDBYPASS BUT'),(152,'CBDKDD 206J-DENNIS',NULL),(153,'THIKA 1KDG 805F-PATRICK','CLEANSHELF SUPERMARKETWENDANI BU'),(154,'THIKA 1KDG 805F-PATRICK','NAIVAS LIMITEDRUARAKA SH'),(155,'THIKA 1KDG 805F-PATRICK','NAIVAS LIMITEDSPUR MAL S'),(156,'WESTLANDSKCZ 792Y-SAMMY','MARA BUSH CAMP LTDORDER 2'),(157,'THIKA 1KDG 805F-PATRICK','NAIVAS LIMITEDGITHU 44 S'),(158,'WESTLANDSKCZ 792Y-SAMMY','CINNAMON - THE FLAVOR OF INDIA LTDOrder KSO-400443319'),(159,'THIKA 1KDG 805F-PATRICK','QUICK MART LTDROYSA BU'),(160,'THIKA 1KDG 805F-PATRICK','QUICK MART LTDROYSA SH'),(161,'THIKA 1KDG 805F-PATRICK','MAGUNAS SUPER STORES (K) LTDWENDANI SHOP'),(162,'THIKA 1KDG 805F-PATRICK','NAIVAS LIMITEDK WEST SH'),(163,'THIKA 1KDG 805F-PATRICK','SUSAN WAITHIRA NJOKIOrder KSO-400443390'),(164,'THIKA 1KDG 805F-PATRICK','RISPER AMOTTO TDR ECONOMY WESTDRECAN TRADING@JACARANDA KAHAWA WE'),(165,'THIKA 1KDG 805F-PATRICK','CLEANSHELF SUPERMARKETK/WEST BU'),(166,'THIKA 1KDG 805F-PATRICK','MAJID  -  THIKA ROAD MALL (TRM)FP'),(167,'THIKA 1KDG 805F-PATRICK','MAJID  -  THIKA ROAD MALL (TRM)FRESH'),(168,'THIKA 1KDG 805F-PATRICK','QUICK MART LTDJIPANGE BU'),(169,'THIKA 1KDG 805F-PATRICK','NAIVAS LIMITEDMT MALL BU'),(170,'THIKA 1KDG 805F-PATRICK','QUICK MART LTDKAHAWA SUKARI BUT'),(171,'THIKA 1KDG 805F-PATRICK','QUICK MART LTDK/ WEST BU'),(172,'THIKA 1KDG 805F-PATRICK','QUICK MART LTDK/WEST SH'),(173,'THIKA 1KDG 805F-PATRICK','WINNIE WAIRIMU MBUTHIAOrder KSO-400443618'),(174,'THIKA 1KDG 805F-PATRICK','RISPER AMOTTO TDR ECONOMY WESTPHILIP NJEMA @JUJA, GATUNDU RD'),(175,'THIKA 1KDG 805F-PATRICK','JULIUS GIKURU NJOROGE T/A BLACKMAN W/SALERS Order KSO-400443638'),(176,'THIKA 1KDG 805F-PATRICK','JACOB ODUORI- TDR EASTN & THIKASTELLA WAITHERA - KENYATTA ROAD'),(177,'THIKA 1KDG 805F-PATRICK','PET FOOD CASH SALE ACCOUNTEDWIN KAHAWA WEST'),(178,'THIKA 1KDG 805F-PATRICK','RISPER AMOTTO TDR ECONOMY WESTCECILIA WAMAITHA@GITHURAI-254713292608'),(179,'THIKA 1KDG 805F-PATRICK',NULL),(180,'KAWANGWAREKCH 314V-NJOROGE','INTERSTRAT LTDINTERSTRAT'),(181,'KAWANGWAREKCH 314V-NJOROGE','CHANDARANA BUTCHERY  - LAVINGTONOrder KSO-400443334'),(182,'KAWANGWAREKCH 314V-NJOROGE','QUICK MART LTDWAIYAKI BU'),(183,'KAWANGWAREKCH 314V-NJOROGE','CHANDARANA BUTCHERY - ABC PLACEOrder KSO-400443408'),(184,'KAWANGWAREKCH 314V-NJOROGE','QUICK MART LTDKIKUYU BUT'),(185,'KAWANGWAREKCH 314V-NJOROGE','FAIRMART SUPERMARKETGARDENS KIKUYU'),(186,'KAWANGWAREKCH 314V-NJOROGE','AMANA HALAL BUTCHERYOrder KSO-400443584'),(187,'KAWANGWAREKCH 314V-NJOROGE','NAIVAS LIMITEDKANGEMI S'),(188,'KAWANGWAREKCH 314V-NJOROGE','MIDWAY BUTCHERYOrder KSO-400443616'),(189,'KAWANGWAREKCH 314V-NJOROGE','RISPER AMOTTO TDR ECONOMY WESTSARAH@KAWANGWARE'),(190,'KAWANGWAREKCH 314V-NJOROGE','DAVID KAWANGWARE DISTRIBUTOROrder KSO-400443659'),(191,'KAWANGWAREKCH 314V-NJOROGE','KANGEMI KUKU SHOPOrder KSO-400443668'),(192,'KAWANGWAREKCH 314V-NJOROGE','KAHURA DISTRIBUTORS BANANALAVINGTON'),(193,'KAWANGWAREKCH 314V-NJOROGE',NULL),(194,'PARKLANDSKDJ 954E-NDONGA','KENCHIC BUTCHERY  - DIAMOND PLAZAOrder KSO-400443384'),(195,'PARKLANDSKDJ 954E-NDONGA','AGA KHAN HOSPITALOrder KSO-400443564'),(196,'PARKLANDSKDJ 954E-NDONGA','CHANDARANA BUTCHERY - MOBIL PLAZAOrder KSO-400443571'),(197,'PARKLANDSKDJ 954E-NDONGA','MY BUTCHERY LIMITEDOrder KSO-400443576'),(198,'PARKLANDSKDJ 954E-NDONGA','CHANDARANA SUPERMARKETS LTDNGARA'),(199,'PARKLANDSKDJ 954E-NDONGA','ZASH ENTERPRISESOrder KSO-400443599'),(200,'PARKLANDSKDJ 954E-NDONGA','SPRING CHOICE BUTCHERYOrder KSO-400443605'),(201,'PARKLANDSKDJ 954E-NDONGA','CHOICE MEAT SUPPLY CO. LTD -  PARKLANDSOrder KSO-400443610'),(202,'PARKLANDSKDJ 954E-NDONGA','RISPER AMOTTO TDR ECONOMY WESTMARY MUNGAI @CITY PARK,PARKLANDS'),(203,'PARKLANDSKDJ 954E-NDONGA','RISPER AMOTTO TDR ECONOMY WESTAYUB @LOWER KABETE'),(204,'PARKLANDSKDJ 954E-NDONGA','RISPER AMOTTO TDR ECONOMY WESTMRS. MEHBOOB @PARKLANDS'),(205,'PARKLANDSKDJ 954E-NDONGA','MC JONESOrder KSO-400443338'),(206,'PARKLANDSKDJ 954E-NDONGA','DUKE TERESI  -  TDR ECONOMYFAIRE PRICE KUKU SHOP@THIKA 1'),(207,'PARKLANDSKDJ 954E-NDONGA','NAIVAS LIMITEDTHIKA BUTC'),(208,'PARKLANDSKDJ 954E-NDONGA','QUICK MART LTDCHANIA BU'),(209,'PARKLANDSKDJ 954E-NDONGA','NANCY\'S COLDMARTOrder KSO-400443579'),(210,'PARKLANDSKDJ 954E-NDONGA','NAIVAS LIMITEDANANAS DE'),(211,'PARKLANDSKDJ 954E-NDONGA','JACOB ODUORI- TDR EASTN & THIKADENNIS NDWIGA@MAKONGENI'),(212,'PARKLANDSKDJ 954E-NDONGA',NULL),(213,'EASTLANDSKCU 237D-KINYANJUI','NAIVAS LIMITEDBURU BUTCH'),(214,'EASTLANDSKCU 237D-KINYANJUI','NAIVAS LIMITEDBURU DELI'),(215,'EASTLANDSKCU 237D-KINYANJUI','SUSAN MWANIA  -  RETAIL SECTOR MANAGERREAL SAVE SUPERMARKET@EASTLEIGH'),(216,'EASTLANDSKCU 237D-KINYANJUI','NAIVAS LIMITEDE/GATE BU'),(217,'EASTLANDSKCU 237D-KINYANJUI','QUICK MART LTDDONH BUT'),(218,'EASTLANDSKCU 237D-KINYANJUI','CLEANSHELF SUPERMARKETK/MALL BU'),(219,'EASTLANDSKCU 237D-KINYANJUI','REHOBOTH GROCERY SHOPOrder KSO-400443374'),(220,'EASTLANDSKCU 237D-KINYANJUI','CLEANSHELF SUPERMARKETSHUJAA BU'),(221,'EASTLANDSKCU 237D-KINYANJUI','QUICK MART LTDBURU SH'),(222,'EASTLANDSKCU 237D-KINYANJUI','QUICK MART LTDBURU BUTCH'),(223,'EASTLANDSKCU 237D-KINYANJUI','NAIVAS LIMITEDG/SPAN BU'),(224,'EASTLANDSKCU 237D-KINYANJUI','KENYA MEAT SUPPLYOrder KSO-400443452'),(225,'EASTLANDSKCU 237D-KINYANJUI','CHETU CHEMA ENTERPIRSESOrder KSO-400443461'),(226,'EASTLANDSKCU 237D-KINYANJUI','NAIVAS LIMITEDSAIKA SH'),(227,'EASTLANDSKCU 237D-KINYANJUI','NAIVAS LIMITEDSAIKA BUTC'),(228,'EASTLANDSKCU 237D-KINYANJUI','TIP TOP BUTCHERYOrder KSO-400443580'),(229,'EASTLANDSKCU 237D-KINYANJUI','FRIENDS K9 PETSTOREOrder KSO-400443619'),(230,'EASTLANDSKCU 237D-KINYANJUI','HORMUDD MEAT SUPPLIESOrder KSO-400443649'),(231,'EASTLANDSKCU 237D-KINYANJUI',NULL),(232,'EASTLANDSKCU 237D-KINYANJUI',NULL),(233,'EASTLANDSKCU 237D-KINYANJUI','TRUE');
/*!40000 ALTER TABLE `pages_kenchicc` ENABLE KEYS */;
UNLOCK TABLES;
/*!40103 SET TIME_ZONE=@OLD_TIME_ZONE */;

/*!40101 SET SQL_MODE=@OLD_SQL_MODE */;
/*!40014 SET FOREIGN_KEY_CHECKS=@OLD_FOREIGN_KEY_CHECKS */;
/*!40014 SET UNIQUE_CHECKS=@OLD_UNIQUE_CHECKS */;
/*!40101 SET CHARACTER_SET_CLIENT=@OLD_CHARACTER_SET_CLIENT */;
/*!40101 SET CHARACTER_SET_RESULTS=@OLD_CHARACTER_SET_RESULTS */;
/*!40101 SET COLLATION_CONNECTION=@OLD_COLLATION_CONNECTION */;
/*!40111 SET SQL_NOTES=@OLD_SQL_NOTES */;

-- Dump completed on 2022-09-08 16:07:17
